<prezi xsi:schemaLocation="http://prezi.com/schema/prezi/2 http://prezi.com/schema/prezi/2" xmlns:xsi="http://www.w3.org/2001/XMLSchema-instance" version="2" xmlns="http://prezi.com/schema/prezi/2"><xFields><xField name="preziType"><xEnum type="PreziType" value="converted-from-core"/></xField></xFields><documentStyle><documentStyle><fontClasses><array><fontClass><fontFamily><string value="Cabin"/></fontFamily><name><string value="body"/></name></fontClass><fontClass><fontFamily><string value="Cabin"/></fontFamily><fontWeight><fontWeight value="bold"/></fontWeight><name><string value="head"/></name></fontClass><fontClass><fontFamily><string value="Cabin"/></fontFamily><fontStyle><fontStyle value="italic"/></fontStyle><fontWeight><fontWeight value="bold"/></fontWeight><name><string value="strong"/></name></fontClass></array></fontClasses><fontFamilies><array><fontFamily><fontFaces><array><fontFace><fontSrc><string value="Cabin-Regular.keg"/></fontSrc></fontFace><fontFace><fontSrc><string value="Cabin-Bold.keg"/></fontSrc><fontWeight><fontWeight value="bold"/></fontWeight></fontFace><fontFace><fontSrc><string value="Cabin-BoldItalic.keg"/></fontSrc><fontStyle><fontStyle value="italic"/></fontStyle><fontWeight><fontWeight value="bold"/></fontWeight></fontFace><fontFace><fontSrc><string value="Cabin-Italic.keg"/></fontSrc><fontStyle><fontStyle value="italic"/></fontStyle></fontFace></array></fontFaces><name><string value="Cabin"/></name></fontFamily></array></fontFamilies><styleDeclarations><array><styleDeclaration><styleBlock><styleBlock><gradEndAlpha><double value="0.7"/></gradEndAlpha><gradStartAlpha><double value="0.5"/></gradStartAlpha></styleBlock></styleBlock><styleSelector><simpleSelector value="zCircle"/></styleSelector></styleDeclaration><styleDeclaration><styleBlock><styleBlock><color><color value="#AB3E48"/></color><gradEndColor><color value="#AB3E48"/></gradEndColor><gradStartColor><color value="#AB3E48"/></gradStartColor><fillType><fillType value="linear"/></fillType></styleBlock></styleBlock><styleSelector><simpleSelector value="*.line1"/></styleSelector></styleDeclaration><styleDeclaration><styleBlock><styleBlock><color><color value="#E74C3C"/></color><gradEndColor><color value="#E74C3C"/></gradEndColor><gradStartColor><color value="#E74C3C"/></gradStartColor><fillType><fillType value="linear"/></fillType></styleBlock></styleBlock><styleSelector><simpleSelector value="*.line2"/></styleSelector></styleDeclaration><styleDeclaration><styleBlock><styleBlock><color><color value="#ECF0F1"/></color><gradEndColor><color value="#ECF0F1"/></gradEndColor><gradStartColor><color value="#ECF0F1"/></gradStartColor><fillType><fillType value="linear"/></fillType></styleBlock></styleBlock><styleSelector><simpleSelector value="*.line3"/></styleSelector></styleDeclaration><styleDeclaration><styleBlock><styleBlock><color><color value="#3A91FB"/></color><gradEndColor><color value="#3A91FB"/></gradEndColor><gradStartColor><color value="#3A91FB"/></gradStartColor><fillType><fillType value="linear"/></fillType></styleBlock></styleBlock><styleSelector><simpleSelector value="*.line4"/></styleSelector></styleDeclaration><styleDeclaration><styleBlock><styleBlock><color><color value="#226CCC"/></color><gradEndColor><color value="#226CCC"/></gradEndColor><gradStartColor><color value="#226CCC"/></gradStartColor><fillType><fillType value="linear"/></fillType></styleBlock></styleBlock><styleSelector><simpleSelector value="*.line5"/></styleSelector></styleDeclaration><styleDeclaration><styleBlock><styleBlock><color><color value="#2C3E50"/></color><gradEndColor><color value="#AB3E48"/></gradEndColor><gradStartColor><color value="#AB3E48"/></gradStartColor><fillType><fillType value="linear"/></fillType></styleBlock></styleBlock><styleSelector><simpleSelector value="*.poly1"/></styleSelector></styleDeclaration><styleDeclaration><styleBlock><styleBlock><gradEndColor><color value="#E74C3C"/></gradEndColor><gradStartColor><color value="#E74C3C"/></gradStartColor><fillType><fillType value="linear"/></fillType></styleBlock></styleBlock><styleSelector><simpleSelector value="*.poly2"/></styleSelector></styleDeclaration><styleDeclaration><styleBlock><styleBlock><color><color value="#2C3E50"/></color><gradEndColor><color value="#ECF0F1"/></gradEndColor><gradStartColor><color value="#ECF0F1"/></gradStartColor><fillType><fillType value="linear"/></fillType></styleBlock></styleBlock><styleSelector><simpleSelector value="*.poly3"/></styleSelector></styleDeclaration><styleDeclaration><styleBlock><styleBlock><color><color value="#2C3E50"/></color><gradEndColor><color value="#3A91FB"/></gradEndColor><gradStartColor><color value="#3A91FB"/></gradStartColor><fillType><fillType value="linear"/></fillType></styleBlock></styleBlock><styleSelector><simpleSelector value="*.poly4"/></styleSelector></styleDeclaration><styleDeclaration><styleBlock><styleBlock><gradEndColor><color value="#226CCC"/></gradEndColor><gradStartColor><color value="#226CCC"/></gradStartColor><fillType><fillType value="linear"/></fillType></styleBlock></styleBlock><styleSelector><simpleSelector value="*.poly5"/></styleSelector></styleDeclaration><styleDeclaration><styleBlock><styleBlock><gradEndColor><color value="#2C3E50"/></gradEndColor><gradStartColor><color value="#2C3E50"/></gradStartColor><fillType><fillType value="linear"/></fillType></styleBlock></styleBlock><styleSelector><simpleSelector value="background"/></styleSelector></styleDeclaration><styleDeclaration><styleBlock><styleBlock><gradEndAlpha><double value="1"/></gradEndAlpha><gradStartAlpha><double value="1"/></gradStartAlpha><borderAlpha><double value="0"/></borderAlpha><borderThickness><double value="0"/></borderThickness><thickness><double value="7"/></thickness></styleBlock></styleBlock><styleSelector><simpleSelector value="zArrow"/></styleSelector></styleDeclaration><styleDeclaration><styleBlock><styleBlock><gradEndAlpha><double value="1"/></gradEndAlpha><gradStartAlpha><double value="1"/></gradStartAlpha><borderAlpha><double value="1"/></borderAlpha><radius><double value="0"/></radius><thickness><double value="100"/></thickness></styleBlock></styleBlock><styleSelector><simpleSelector value="zCircle"/></styleSelector></styleDeclaration><styleDeclaration><styleBlock><styleBlock><color><color value="#581B80"/></color></styleBlock></styleBlock><styleSelector><simpleSelector value="zPencil"/></styleSelector></styleDeclaration><styleDeclaration><styleBlock><styleBlock><gradEndAlpha><double value="1"/></gradEndAlpha><gradEndColor><color value="#AB3E48"/></gradEndColor><gradStartAlpha><double value="1"/></gradStartAlpha><gradStartColor><color value="#AB3E48"/></gradStartColor><fillType><fillType value="linear"/></fillType><borderAlpha><double value="0"/></borderAlpha><borderThickness><double value="0"/></borderThickness><padding><double value="1.03"/></padding><thickness><double value="8"/></thickness></styleBlock></styleBlock><styleSelector><simpleSelector value="zBracketFrame"/></styleSelector></styleDeclaration><styleDeclaration><styleBlock><styleBlock><gradEndAlpha><double value="1"/></gradEndAlpha><gradEndColor><color value="#EA4B3D"/></gradEndColor><gradStartAlpha><double value="1"/></gradStartAlpha><gradStartColor><color value="#EA4B3D"/></gradStartColor><fillType><fillType value="linear"/></fillType><borderAlpha><double value="0"/></borderAlpha><borderThickness><double value="0"/></borderThickness><padding><double value="1.03"/></padding><thickness><double value="8"/></thickness></styleBlock></styleBlock><styleSelector><simpleSelector value="zCircleFrame"/></styleSelector></styleDeclaration><styleDeclaration><styleBlock><styleBlock><gradEndAlpha><double value="0.6"/></gradEndAlpha><gradEndColor><color value="#226CCC"/></gradEndColor><gradStartAlpha><double value="0.6"/></gradStartAlpha><gradStartColor><color value="#226CCC"/></gradStartColor><fillType><fillType value="linear"/></fillType><borderAlpha><double value="0.8"/></borderAlpha><borderColor><color value="#226CCC"/></borderColor><borderThickness><double value="25"/></borderThickness><padding><double value="1.03"/></padding><radius><double value="3"/></radius></styleBlock></styleBlock><styleSelector><simpleSelector value="zRectangleFrame"/></styleSelector></styleDeclaration><styleDeclaration><styleBlock><styleBlock><padding><double value="1.2"/></padding></styleBlock></styleBlock><styleSelector><simpleSelector value="zText"/></styleSelector></styleDeclaration><styleDeclaration><styleBlock><styleBlock><color><color value="#ECF0F1"/></color><fontClass><string value="body"/></fontClass></styleBlock></styleBlock><styleSelector><simpleSelector value="zText.body"/></styleSelector></styleDeclaration><styleDeclaration><styleBlock><styleBlock><backgroundAlpha><double value="0.7"/></backgroundAlpha><backgroundColor><color value="#E74C3C"/></backgroundColor><backgroundPadding><double value="5"/></backgroundPadding></styleBlock></styleBlock><styleSelector><simpleSelector value="zText.body-background"/></styleSelector></styleDeclaration><styleDeclaration><styleBlock><styleBlock><color><color value="#ECF0F1"/></color><fontClass><string value="head"/></fontClass></styleBlock></styleBlock><styleSelector><simpleSelector value="zText.title"/></styleSelector></styleDeclaration><styleDeclaration><styleBlock><styleBlock><backgroundAlpha><double value="0.8"/></backgroundAlpha><backgroundColor><color value="#3A91FB"/></backgroundColor><backgroundPadding><double value="5"/></backgroundPadding></styleBlock></styleBlock><styleSelector><simpleSelector value="zText.title-background"/></styleSelector></styleDeclaration><styleDeclaration><styleBlock><styleBlock><color><color value="#ECF0F1"/></color><fontClass><string value="strong"/></fontClass></styleBlock></styleBlock><styleSelector><simpleSelector value="zText.subtitle"/></styleSelector></styleDeclaration><styleDeclaration><styleBlock><styleBlock><backgroundAlpha><double value="0.7"/></backgroundAlpha><backgroundColor><color value="#E74C3C"/></backgroundColor><backgroundPadding><double value="5"/></backgroundPadding></styleBlock></styleBlock><styleSelector><simpleSelector value="zText.subtitle-background"/></styleSelector></styleDeclaration><styleDeclaration><styleBlock><styleBlock><gradEndAlpha><double value="1"/></gradEndAlpha><gradStartAlpha><double value="1"/></gradStartAlpha></styleBlock></styleBlock><styleSelector><simpleSelector value="zLine"/></styleSelector></styleDeclaration><styleDeclaration><styleBlock><styleBlock><color><color value="#22E1A1"/></color><alpha><double value="0.75"/></alpha></styleBlock></styleBlock><styleSelector><simpleSelector value="zMarker"/></styleSelector></styleDeclaration><styleDeclaration><styleBlock><styleBlock><gradEndAlpha><double value="1"/></gradEndAlpha><gradStartAlpha><double value="1"/></gradStartAlpha><borderAlpha><double value="0"/></borderAlpha><borderThickness><double value="0"/></borderThickness><radius><double value="15"/></radius><thickness><double value="100"/></thickness></styleBlock></styleBlock><styleSelector><simpleSelector value="zTriangle"/></styleSelector></styleDeclaration><styleDeclaration><styleBlock><styleBlock><gradEndAlpha><double value="1"/></gradEndAlpha><gradStartAlpha><double value="1"/></gradStartAlpha><borderAlpha><double value="0"/></borderAlpha><borderThickness><double value="0"/></borderThickness><radius><double value="15"/></radius><thickness><double value="100"/></thickness></styleBlock></styleBlock><styleSelector><simpleSelector value="zSquare"/></styleSelector></styleDeclaration><styleDeclaration><styleBlock><styleBlock><borderColor><color value="#333333"/></borderColor></styleBlock></styleBlock><styleSelector><simpleSelector value="#0"/></styleSelector></styleDeclaration><styleDeclaration><styleBlock><styleBlock><borderColor><color value="#ECF0F1"/></borderColor><thickness><double value="7"/></thickness></styleBlock></styleBlock><styleSelector><simpleSelector value="#0_54607785"/></styleSelector></styleDeclaration><styleDeclaration><styleBlock><styleBlock><borderColor><color value="#333333"/></borderColor></styleBlock></styleBlock><styleSelector><simpleSelector value="#14_54607785"/></styleSelector></styleDeclaration><styleDeclaration><styleBlock><styleBlock><borderColor><color value="#ECF0F1"/></borderColor><thickness><double value="7"/></thickness></styleBlock></styleBlock><styleSelector><simpleSelector value="#1_54607785"/></styleSelector></styleDeclaration><styleDeclaration><styleBlock><styleBlock><borderColor><color value="#333333"/></borderColor></styleBlock></styleBlock><styleSelector><simpleSelector value="#23_54607785"/></styleSelector></styleDeclaration><styleDeclaration><styleBlock><styleBlock><borderColor><color value="#333333"/></borderColor></styleBlock></styleBlock><styleSelector><simpleSelector value="#24_54607785"/></styleSelector></styleDeclaration><styleDeclaration><styleBlock><styleBlock><borderColor><color value="#ECF0F1"/></borderColor><thickness><double value="7"/></thickness></styleBlock></styleBlock><styleSelector><simpleSelector value="#27_54607785"/></styleSelector></styleDeclaration><styleDeclaration><styleBlock><styleBlock><borderColor><color value="#333333"/></borderColor></styleBlock></styleBlock><styleSelector><simpleSelector value="#28_54607785"/></styleSelector></styleDeclaration><styleDeclaration><styleBlock><styleBlock><borderColor><color value="#333333"/></borderColor></styleBlock></styleBlock><styleSelector><simpleSelector value="#3"/></styleSelector></styleDeclaration><styleDeclaration><styleBlock><styleBlock><borderColor><color value="#ECF0F1"/></borderColor><thickness><double value="7"/></thickness></styleBlock></styleBlock><styleSelector><simpleSelector value="#32_54607785"/></styleSelector></styleDeclaration><styleDeclaration><styleBlock><styleBlock><borderColor><color value="#333333"/></borderColor></styleBlock></styleBlock><styleSelector><simpleSelector value="#33_54607785"/></styleSelector></styleDeclaration><styleDeclaration><styleBlock><styleBlock><borderColor><color value="#ECF0F1"/></borderColor><thickness><double value="7"/></thickness></styleBlock></styleBlock><styleSelector><simpleSelector value="#38_54607785"/></styleSelector></styleDeclaration><styleDeclaration><styleBlock><styleBlock><borderColor><color value="#ECF0F1"/></borderColor><thickness><double value="7"/></thickness></styleBlock></styleBlock><styleSelector><simpleSelector value="#39_54607785"/></styleSelector></styleDeclaration><styleDeclaration><styleBlock><styleBlock><borderColor><color value="#ECF0F1"/></borderColor><thickness><double value="7"/></thickness></styleBlock></styleBlock><styleSelector><simpleSelector value="#3_54607785"/></styleSelector></styleDeclaration><styleDeclaration><styleBlock><styleBlock><borderColor><color value="#ECF0F1"/></borderColor><thickness><double value="8"/></thickness></styleBlock></styleBlock><styleSelector><simpleSelector value="#4"/></styleSelector></styleDeclaration><styleDeclaration><styleBlock><styleBlock><borderColor><color value="#ECF0F1"/></borderColor><thickness><double value="7"/></thickness></styleBlock></styleBlock><styleSelector><simpleSelector value="#40_54607785"/></styleSelector></styleDeclaration><styleDeclaration><styleBlock><styleBlock><borderColor><color value="#ECF0F1"/></borderColor><thickness><double value="7"/></thickness></styleBlock></styleBlock><styleSelector><simpleSelector value="#41_54607785"/></styleSelector></styleDeclaration><styleDeclaration><styleBlock><styleBlock><borderColor><color value="#ECF0F1"/></borderColor><thickness><double value="7"/></thickness></styleBlock></styleBlock><styleSelector><simpleSelector value="#42_54607785"/></styleSelector></styleDeclaration><styleDeclaration><styleBlock><styleBlock><borderColor><color value="#333333"/></borderColor></styleBlock></styleBlock><styleSelector><simpleSelector value="#43_54607785"/></styleSelector></styleDeclaration><styleDeclaration><styleBlock><styleBlock><borderColor><color value="#ECF0F1"/></borderColor><thickness><double value="7"/></thickness></styleBlock></styleBlock><styleSelector><simpleSelector value="#48_54607785"/></styleSelector></styleDeclaration><styleDeclaration><styleBlock><styleBlock><borderColor><color value="#333333"/></borderColor></styleBlock></styleBlock><styleSelector><simpleSelector value="#49_54607785"/></styleSelector></styleDeclaration><styleDeclaration><styleBlock><styleBlock><borderColor><color value="#333333"/></borderColor></styleBlock></styleBlock><styleSelector><simpleSelector value="#5"/></styleSelector></styleDeclaration><styleDeclaration><styleBlock><styleBlock><borderColor><color value="#ECF0F1"/></borderColor><thickness><double value="7"/></thickness></styleBlock></styleBlock><styleSelector><simpleSelector value="#58_54607785"/></styleSelector></styleDeclaration><styleDeclaration><styleBlock><styleBlock><borderColor><color value="#333333"/></borderColor></styleBlock></styleBlock><styleSelector><simpleSelector value="#59_54607785"/></styleSelector></styleDeclaration><styleDeclaration><styleBlock><styleBlock><borderColor><color value="#333333"/></borderColor></styleBlock></styleBlock><styleSelector><simpleSelector value="#5_54607785"/></styleSelector></styleDeclaration><styleDeclaration><styleBlock><styleBlock><borderColor><color value="#333333"/></borderColor></styleBlock></styleBlock><styleSelector><simpleSelector value="#6"/></styleSelector></styleDeclaration><styleDeclaration><styleBlock><styleBlock><borderColor><color value="#333333"/></borderColor></styleBlock></styleBlock><styleSelector><simpleSelector value="#61_54607785"/></styleSelector></styleDeclaration><styleDeclaration><styleBlock><styleBlock><borderColor><color value="#ECF0F1"/></borderColor><thickness><double value="7"/></thickness></styleBlock></styleBlock><styleSelector><simpleSelector value="#71_54607785"/></styleSelector></styleDeclaration><styleDeclaration><styleBlock><styleBlock><borderColor><color value="#333333"/></borderColor></styleBlock></styleBlock><styleSelector><simpleSelector value="#72_54607785"/></styleSelector></styleDeclaration><styleDeclaration><styleBlock><styleBlock><borderColor><color value="#ECF0F1"/></borderColor><thickness><double value="7"/></thickness></styleBlock></styleBlock><styleSelector><simpleSelector value="#7_54607785"/></styleSelector></styleDeclaration><styleDeclaration><styleBlock><styleBlock><borderColor><color value="#ECF0F1"/></borderColor><thickness><double value="8"/></thickness></styleBlock></styleBlock><styleSelector><simpleSelector value="#8"/></styleSelector></styleDeclaration><styleDeclaration><styleBlock><styleBlock><borderColor><color value="#ECF0F1"/></borderColor><thickness><double value="7"/></thickness></styleBlock></styleBlock><styleSelector><simpleSelector value="#8_54607785"/></styleSelector></styleDeclaration><styleDeclaration><styleBlock><styleBlock><borderColor><color value="#333333"/></borderColor></styleBlock></styleBlock><styleSelector><simpleSelector value="#9"/></styleSelector></styleDeclaration><styleDeclaration><styleBlock><styleBlock><borderColor><color value="#333333"/></borderColor></styleBlock></styleBlock><styleSelector><simpleSelector value="#9_54607785"/></styleSelector></styleDeclaration></array></styleDeclarations></documentStyle></documentStyle><path><array><flyToObject><target><ref value="13_30863873"/></target></flyToObject><flyToObject><target><ref value="20"/></target></flyToObject><flyToObject><target><ref value="0"/></target></flyToObject><flyToObject><target><ref value="3"/></target></flyToObject><flyToObject><target><ref value="15_54607785"/></target></flyToObject><flyToObject><target><ref value="5_54607785"/></target></flyToObject><flyToObject><target><ref value="24_54607785"/></target></flyToObject><flyToObject><target><ref value="14_54607785"/></target></flyToObject><flyToObject><target><ref value="64_54607785"/></target></flyToObject><flyToObject><target><ref value="28_54607785"/></target></flyToObject><flyToObject><target><ref value="33_54607785"/></target></flyToObject><flyToObject><target><ref value="5"/></target></flyToObject><flyToObject><target><ref value="2_54607785"/></target></flyToObject><flyToObject><target><ref value="15_30863873"/></target></flyToObject><flyToObject><target><ref value="4_54607785"/></target></flyToObject><flyToObject><target><ref value="51_54607785"/></target></flyToObject><flyToObject><target><ref value="9"/></target></flyToObject><flyToObject><target><ref value="52_54607785"/></target></flyToObject><flyToObject><target><ref value="9_54607785"/></target></flyToObject><flyToObject><target><ref value="53_54607785"/></target></flyToObject><flyToObject><target><ref value="12_54607785"/></target></flyToObject><flyToObject><target><ref value="45_54607785"/></target></flyToObject><flyToObject><target><ref value="43_54607785"/></target></flyToObject><flyToObject><target><ref value="49_54607785"/></target></flyToObject><flyToObject><target><ref value="59_54607785"/></target></flyToObject><flyToObject><target><ref value="72_54607785"/></target></flyToObject><flyToObject><target><ref value="61_54607785"/></target></flyToObject></array></path><zObjects><array><zInvisibleFrame><id><string value="20"/></id><width><double value="3177.444192670187"/></width><height><double value="2629.434147683984"/></height><styleClasses><array><token value="invisible"/></array></styleClasses><localToWorld><transform2D x="-2.134913102976859E-12" y="3.558188504961432E-13" scale="20.380124480725726" rotation="0"/></localToWorld></zInvisibleFrame><zCircleFrame><id><string value="0"/></id><width><double value="800"/></width><height><double value="800"/></height><styleClasses><array><token value="circle"/></array></styleClasses><localToWorld><transform2D x="3056.0022636012864" y="-1892.6422293288304" scale="7.229555870239738" rotation="0"/></localToWorld></zCircleFrame><zCircleFrame><id><string value="3"/></id><width><double value="800"/></width><height><double value="800"/></height><styleClasses><array><token value="circle"/></array></styleClasses><localToWorld><transform2D x="-2308.596622042045" y="-11.916590632244134" scale="4.587596896680676" rotation="0"/></localToWorld></zCircleFrame><zArrow><id><string value="4"/></id><startEndDistance><double value="-242.87070695733016"/></startEndDistance><arcHeight><double value="54.4166841301112"/></arcHeight><styleClasses><array><token value="line3"/></array></styleClasses><localToWorld><transform2D x="561.3147938148238" y="1660.384291515894" scale="14.998813284452956" rotation="-0.12853702125512548"/></localToWorld></zArrow><zCircleFrame><id><string value="5"/></id><width><double value="800"/></width><height><double value="800"/></height><styleClasses><array><token value="circle"/></array></styleClasses><localToWorld><transform2D x="5526.19358479073" y="-10682.576101912864" scale="3.2891432612422205" rotation="0"/></localToWorld></zCircleFrame><zCircleFrame><id><string value="6"/></id><width><double value="800"/></width><height><double value="800"/></height><styleClasses><array><token value="circle"/></array></styleClasses><localToWorld><transform2D x="-12540.560380551218" y="4823.203807677807" scale="4.028784821419332" rotation="0"/></localToWorld></zCircleFrame><zArrow><id><string value="8"/></id><startEndDistance><double value="305.3156684597159"/></startEndDistance><arcHeight><double value="-45.218242804981905"/></arcHeight><styleClasses><array><token value="line3"/></array></styleClasses><localToWorld><transform2D x="7974.160305014388" y="332.49122600178544" scale="14.99881328445307" rotation="1.927736976864706"/></localToWorld></zArrow><zCircleFrame><id><string value="9"/></id><width><double value="800"/></width><height><double value="800"/></height><styleClasses><array><token value="circle"/></array></styleClasses><localToWorld><transform2D x="11779.901274736538" y="-4562.98466578057" scale="2.9872353505545632" rotation="0"/></localToWorld></zCircleFrame><zCircleFrame><id><string value="23_54607785"/></id><width><double value="800"/></width><height><double value="800"/></height><styleClasses><array><token value="circle"/></array></styleClasses><localToWorld><transform2D x="-1351.947135072253" y="-4971.896415310007" scale="4.58757626780437" rotation="0"/></localToWorld></zCircleFrame><zImage><id><string value="15_54607785"/></id><onlineAssetId><string value="569187795"/></onlineAssetId><onlineAssetUrl><string value="http://0103.static.prezi.com.s3.amazonaws.com/media/7/f/8/0/8/f760bed4819b213f2f2e0d4f11f.png"/></onlineAssetUrl><assetSourceFilename><string value="rec-systems.png"/></assetSourceFilename><width><double value="975"/></width><height><double value="597"/></height><localToWorld><transform2D x="-1352.7412642394008" y="-4803.9788546156915" scale="1.3471121407812183" rotation="0"/></localToWorld></zImage><zText><id><string value="3_30863873"/></id><text><text><width>220.4993900181616</width><p align="center"><span><![CDATA[Algorithms used]]></span></p></text></text><styleClasses><array><token value="title"/></array></styleClasses><localToWorld><transform2D x="-2426.045201676106" y="-942.9378593207776" scale="9.19426459930755" rotation="0"/></localToWorld></zText><zText><id><string value="4_30863873"/></id><text><text><width>390.9237784827681</width><p/><p><span><![CDATA[There are  3  important algorithms in this domain that we have used]]></span></p><p/><p indent="1" listType="bullet"><span><![CDATA[Content Based Filtering]]></span></p><p indent="1" listType="bullet"><span><![CDATA[Collaborative Filtering]]></span></p><p indent="1" listType="bullet"><span><![CDATA[K- NN with Cosine Similarity]]></span></p><p/><p><span><![CDATA[Now, let's know more about the algorithmic part.]]></span></p></text></text><styleClasses><array><token value="body"/></array></styleClasses><localToWorld><transform2D x="-2343.912699825566" y="210.00833483517425" scale="5.835548694320926" rotation="0"/></localToWorld></zText><zImage><id><string value="6_54607785"/></id><onlineAssetId><string value="568693156"/></onlineAssetId><onlineAssetUrl><string value="http://0103.static.prezi.com.s3.amazonaws.com/media/3/1/e/f/c/3d594284ea7962f1dce9c216e26.png"/></onlineAssetUrl><assetSourceFilename><string value="download.png"/></assetSourceFilename><width><double value="884"/></width><height><double value="449"/></height><localToWorld><transform2D x="11769.785155592996" y="-4564.963838864762" scale="2.024234256313646" rotation="0"/></localToWorld></zImage><zText><id><string value="7_30863873"/></id><text><text><width>220.4993900181616</width><p align="center"><span><![CDATA[Most Appeared Movie Titles]]></span></p></text></text><styleClasses><array><token value="subtitle"/></array></styleClasses><localToWorld><transform2D x="11769.57853770976" y="-5280.644998335285" scale="5.373230345382758" rotation="0"/></localToWorld></zText><zText><id><string value="11_30863873"/></id><text><text><width>378.0993900181616</width><p align="center"><span><![CDATA[Most Appeared Genre]]></span></p><p align="center"/></text></text><styleClasses><array><token value="subtitle"/></array></styleClasses><localToWorld><transform2D x="-12565.066068900796" y="4037.4150811988297" scale="5.124724454614599" rotation="0"/></localToWorld></zText><zText><id><string value="13_30863873"/></id><text><text><width>215.9878222131714</width><p><span><![CDATA[Movie Recommendation System]]></span></p></text></text><styleClasses><array><token value="title"/></array></styleClasses><localToWorld><transform2D x="22896.838488915197" y="-15495.152011574635" scale="23.95945188612195" rotation="0"/></localToWorld></zText><zText><id><string value="12_4"/></id><text><text><width>395.6147048626442</width><p align="center"><span><![CDATA[Objective of Recommender System]]></span></p></text></text><styleClasses><array><token value="subtitle"/></array></styleClasses><localToWorld><transform2D x="3092.986189063185" y="-3437.09126725757" scale="9.196192749546688" rotation="0"/></localToWorld></zText><zText><id><string value="14_30863873"/></id><text><text><width>220.4993900181616</width><p align="center"><span><![CDATA[Analysis Of DataSet]]></span></p></text></text><styleClasses><array><token value="title"/></array></styleClasses><localToWorld><transform2D x="5514.663298130027" y="-11340.46241095675" scale="7.251155570762603" rotation="0"/></localToWorld></zText><zText><id><string value="15_30863873"/></id><text><text><width>390.9237784827681</width><p><span><![CDATA[Below mentioned files used for the implementation of all the 3 algorithms]]></span></p><p/><p indent="1" listType="bullet"><span><![CDATA[Ratings]]></span></p><p indent="1" listType="bullet"><span><![CDATA[Movies]]></span></p></text></text><styleClasses><array><token value="body"/></array></styleClasses><localToWorld><transform2D x="5082.049954850326" y="-10616.912189596223" scale="3.1434110935788095" rotation="0"/></localToWorld></zText><zText><id><string value="1"/></id><text><text><width>-172.536</width><p><span><![CDATA[By: Ankur Kumar]]></span></p></text></text><styleClasses><array><token value="subtitle"/></array></styleClasses><localToWorld><transform2D x="21808.850992227148" y="-14207.19245232452" scale="18.00962859685619" rotation="0"/></localToWorld></zText><zArrow><id><string value="0_54607785"/></id><startEndDistance><double value="119.71328042295609"/></startEndDistance><arcHeight><double value="-24.086273979975203"/></arcHeight><styleClasses><array><token value="line3"/></array></styleClasses><localToWorld><transform2D x="-2647.00256634589" y="-2665.9239959272086" scale="13.223544529434696" rotation="-1.4662675991787"/></localToWorld></zArrow><zArrow><id><string value="1_54607785"/></id><startEndDistance><double value="325.18646153793304"/></startEndDistance><styleClasses><array><token value="line3"/></array></styleClasses><localToWorld><transform2D x="5406.932063447471" y="-10611.089662368817" scale="3.305886132358676" rotation="-0.26179938779915013"/></localToWorld></zArrow><zText><id><string value="2_54607785"/></id><text><text><width>288.0364868259782</width><p/><p><span><![CDATA[RangeIndex: 27753444 entries, 0 to 27753443]]></span></p><p><span><![CDATA[Features (total 3 columns):]]></span></p><p><span><![CDATA[userId       int64]]></span></p><p><span><![CDATA[movieId      int64]]></span></p><p><span><![CDATA[rating       float64]]></span></p><p/><p/></text></text><styleClasses><array><token value="body"/></array></styleClasses><localToWorld><transform2D x="6216.453192378718" y="-10752.307981043728" scale="1.7743736137670711" rotation="0"/></localToWorld></zText><zArrow><id><string value="3_54607785"/></id><startEndDistance><double value="324.65357408089744"/></startEndDistance><styleClasses><array><token value="line3"/></array></styleClasses><localToWorld><transform2D x="5418.5438578075455" y="-10334.509145715843" scale="3.305886132358658" rotation="0.06393302034458363"/></localToWorld></zArrow><zText><id><string value="4_54607785"/></id><text><text><width>-406.34400000000005</width><p><span><![CDATA[RangeIndex: 58098 entries, 0 to 58097]]></span></p><p><span><![CDATA[Features (total 3 columns):]]></span></p><p><span><![CDATA[movieId    58098 non-null int64]]></span></p><p><span><![CDATA[title      58098 non-null object]]></span></p><p><span><![CDATA[genres     58098 non-null object]]></span></p><p/></text></text><styleClasses><array><token value="body"/></array></styleClasses><localToWorld><transform2D x="6258.77740489333" y="-10340.925665077411" scale="1.466424474187657" rotation="0"/></localToWorld></zText><zArrow><id><string value="7_54607785"/></id><startEndDistance><double value="143.47544098466625"/></startEndDistance><arcHeight><double value="-20.847626581998043"/></arcHeight><styleClasses><array><token value="line3"/></array></styleClasses><localToWorld><transform2D x="1511.2842187942624" y="-7149.596495030894" scale="26.447089058869334" rotation="-0.20299914256338064"/></localToWorld></zArrow><zArrow><id><string value="8_54607785"/></id><startEndDistance><double value="240.55958742523083"/></startEndDistance><arcHeight><double value="-27.812370639956583"/></arcHeight><styleClasses><array><token value="line3"/></array></styleClasses><localToWorld><transform2D x="6865.885428705902" y="-5890.387900163838" scale="13.223544529434696" rotation="0.8606087756860091"/></localToWorld></zArrow><zCircleFrame><id><string value="9_54607785"/></id><width><double value="800"/></width><height><double value="800"/></height><styleClasses><array><token value="circle"/></array></styleClasses><localToWorld><transform2D x="8107.304746710458" y="8385.025137850733" scale="4.028777045803327" rotation="0"/></localToWorld></zCircleFrame><zText><id><string value="10_54607785"/></id><text><text><width>216.03515625</width><p><span><![CDATA[Median Ratings]]></span></p></text></text><styleClasses><array><token value="body"/></array></styleClasses><localToWorld><transform2D x="8168.133051545851" y="7477.311453058356" scale="6.611772264717347" rotation="0"/></localToWorld></zText><zImage><id><string value="12_54607785"/></id><onlineAssetId><string value="568923646"/></onlineAssetId><onlineAssetUrl><string value="http://0103.static.prezi.com.s3.amazonaws.com/media/e/8/4/f/c/c7c82b34d62a94c659068b335e6.png"/></onlineAssetUrl><assetSourceFilename><string value="Genre.png"/></assetSourceFilename><width><double value="907"/></width><height><double value="371"/></height><localToWorld><transform2D x="-12540.643027704516" y="4823.1624841011635" scale="3.023202310627631" rotation="0"/></localToWorld></zImage><zImage><id><string value="13_54607785"/></id><onlineAssetId><string value="568979523"/></onlineAssetId><onlineAssetUrl><string value="http://0103.static.prezi.com.s3.amazonaws.com/media/3/8/3/3/b/3fa48474e6f91b44250a8a19ab8.png"/></onlineAssetUrl><assetSourceFilename><string value="Jointplot Rating.png"/></assetSourceFilename><width><double value="444"/></width><height><double value="424"/></height><mask><rectangle x="0" y="0" w="377" h="424"/></mask><localToWorld><transform2D x="7909.3648145354755" y="8686.563276698507" scale="4.814180109833029" rotation="0"/></localToWorld></zImage><zCircleFrame><id><string value="5_54607785"/></id><width><double value="800"/></width><height><double value="800"/></height><styleClasses><array><token value="circle"/></array></styleClasses><localToWorld><transform2D x="4448.624101130383" y="-7217.673407679121" scale="2.7744760372624246" rotation="0"/></localToWorld></zCircleFrame><zText><id><string value="11_54607785"/></id><text><text><width>360.05859375</width><p><span color="15724527"><![CDATA[Content Based Recommender System]]></span></p></text></text><styleClasses><array><token value="title"/></array></styleClasses><localToWorld><transform2D x="4454.436111857405" y="-7908.78460542742" scale="3.14341109357881" rotation="0"/></localToWorld></zText><zText><id><string value="16_54607785"/></id><text><text><width>552</width><p><span><![CDATA[Term Frequency (TF) and Inverse Document Frequency (IDF) are used in information retrieval systems and also content based recommender. They are used to determine the relative importance of a document / article / news item / movie etc.]]></span></p></text></text><styleClasses><array><token value="title"/></array></styleClasses><localToWorld><transform2D x="4463.311869350581" y="-7433.578408515548" scale="3.14341109357881" rotation="0"/></localToWorld></zText><zImage><id><string value="17_54607785"/></id><onlineAssetId><string value="577948093"/></onlineAssetId><onlineAssetUrl><string value="http://0103.static.prezi.com.s3.amazonaws.com/media/e/a/c/f/3/2b2075944e281fbdf0b3a560afe.jpg"/></onlineAssetUrl><assetSourceFilename><string value="tfidf.jpg"/></assetSourceFilename><width><double value="702"/></width><height><double value="287"/></height><localToWorld><transform2D x="4422.914105207664" y="-6862.998221288381" scale="1.7823244822240107" rotation="0"/></localToWorld></zImage><zCircleFrame><id><string value="24_54607785"/></id><width><double value="800"/></width><height><double value="800"/></height><styleClasses><array><token value="circle"/></array></styleClasses><localToWorld><transform2D x="8107.82433315011" y="-3357.401024023438" scale="3.185454627199104" rotation="0"/></localToWorld></zCircleFrame><zText><id><string value="25_54607785"/></id><text><text><width>672.05</width><p><span><![CDATA[In this model, each item is stored as a vector of its attributes (which are also vectors) in an n-dimensional space and the angles between the vectors are calculated to determine the similarity between the vectors.]]></span></p><p/><p><span><![CDATA[Closer the vectors, smaller will be the angle and larger the cosine]]></span></p></text></text><styleClasses><array><token value="title"/></array></styleClasses><localToWorld><transform2D x="8086.915465840059" y="-3830.25126582615" scale="2.507137284957516" rotation="0"/></localToWorld></zText><zImage><id><string value="26_54607785"/></id><onlineAssetId><string value="578359064"/></onlineAssetId><onlineAssetUrl><string value="http://0103.static.prezi.com.s3.amazonaws.com/media/6/d/e/e/3/332742242998b6c38819d53a8bb.png"/></onlineAssetUrl><assetSourceFilename><string value="vector_space.png"/></assetSourceFilename><width><double value="720"/></width><height><double value="540"/></height><localToWorld><transform2D x="7957.605673198405" y="-3056.9637041200453" scale="1.809024568157215" rotation="0"/></localToWorld></zImage><zText><id><string value="25_4"/></id><text><text><width>649.823778482768</width><p/><p indent="1" listType="bullet"><span weight="bold"><![CDATA[ To recommend best product/service to the user.]]></span></p><p/><p/><p/></text></text><styleClasses><array><token value="body"/></array></styleClasses><localToWorld><transform2D x="2938.93889688837" y="-2627.0466197164424" scale="6.41910356375302" rotation="0"/></localToWorld></zText><zCircleFrame><id><string value="14_54607785"/></id><width><double value="800"/></width><height><double value="800"/></height><styleClasses><array><token value="circle"/></array></styleClasses><localToWorld><transform2D x="5580.004655949129" y="3532.92741087632" scale="4.58758958802464" rotation="0"/></localToWorld></zCircleFrame><zText><id><string value="19_54607785"/></id><text><text><width>291.11800000000005</width><p><span><![CDATA[Collaborative Filtering Recommendation Model]]></span></p></text></text><styleClasses><array><token value="title"/></array></styleClasses><localToWorld><transform2D x="5583.089976547758" y="2674.967243781821" scale="7.713301496607387" rotation="0"/></localToWorld></zText><zText><id><string value="20_54607785"/></id><text><text><width>552</width><p><span><![CDATA[There are 2 main types of memory-based collaborative filtering algorithms:]]></span></p></text></text><styleClasses><array><token value="body"/></array></styleClasses><localToWorld><transform2D x="5657.131078473642" y="3233.158130221564" scale="4.7893533704276114" rotation="0"/></localToWorld></zText><zText><id><string value="21_54607785"/></id><text><text><width>-364.776</width><p indent="1" listType="bullet"><span><![CDATA[User-User Collaborative Filtering]]></span></p></text></text><styleClasses><array><token value="body"/></array></styleClasses><localToWorld><transform2D x="5164.5661177169295" y="3746.205419347334" scale="5.268288707470383" rotation="0"/></localToWorld></zText><zText><id><string value="22_54607785"/></id><text><text><width>-365.784</width><p indent="1" listType="bullet"><span><![CDATA[Item-Item Collaborative Filtering]]></span></p></text></text><styleClasses><array><token value="body"/></array></styleClasses><localToWorld><transform2D x="5161.996605104809" y="4065.7728826222815" scale="5.268288707470383" rotation="0"/></localToWorld></zText><zArrow><id><string value="27_54607785"/></id><startEndDistance><double value="-238.4165279701386"/></startEndDistance><arcHeight><double value="50.377846424888105"/></arcHeight><styleClasses><array><token value="line3"/></array></styleClasses><localToWorld><transform2D x="-792.9907667159101" y="5241.395296899372" scale="41.33273532634902" rotation="0.1640855856034218"/></localToWorld></zArrow><zCircleFrame><id><string value="28_54607785"/></id><width><double value="800"/></width><height><double value="800"/></height><styleClasses><array><token value="circle"/></array></styleClasses><localToWorld><transform2D x="-7072.268539441086" y="1914.9122788471227" scale="4.9962277811335385" rotation="0"/></localToWorld></zCircleFrame><zText><id><string value="29_54607785"/></id><text><text><width>435.226</width><p><span><![CDATA[Because of the huge size of dataset, we used only 0.15 % of the data set]]></span></p></text></text><styleClasses><array><token value="body"/></array></styleClasses><localToWorld><transform2D x="-6982.636618126163" y="2199.258638431573" scale="7.057703593734901" rotation="0"/></localToWorld></zText><zImage><id><string value="31_54607785"/></id><onlineAssetId><string value="585982643"/></onlineAssetId><onlineAssetUrl><string value="http://0103.static.prezi.com.s3.amazonaws.com/media/c/1/d/b/7/e97af01426c989bbd9195a0fbd0.png"/></onlineAssetUrl><assetSourceFilename><string value="Screenshot 2020-01-29 at 9.41.22 PM.png"/></assetSourceFilename><width><double value="893"/></width><height><double value="221"/></height><localToWorld><transform2D x="-7176.35401490227" y="1406.690076667258" scale="3.114871768560781" rotation="0"/></localToWorld></zImage><zText><id><string value="30_54607785"/></id><text><text><width>225.31200000000004</width><p><span><![CDATA[Pearson Similarity]]></span></p></text></text><styleClasses><array><token value="body"/></array></styleClasses><localToWorld><transform2D x="-7085.66938722266" y="772.0169393943025" scale="10.333183831587274" rotation="0"/></localToWorld></zText><zArrow><id><string value="32_54607785"/></id><startEndDistance><double value="194.81101666495925"/></startEndDistance><arcHeight><double value="-37.3602462067513"/></arcHeight><styleClasses><array><token value="line3"/></array></styleClasses><localToWorld><transform2D x="-8503.684476960329" y="-3833.105530064078" scale="41.332735326349095" rotation="-1.4370885665206887"/></localToWorld></zArrow><zCircleFrame><id><string value="33_54607785"/></id><width><double value="800"/></width><height><double value="800"/></height><styleClasses><array><token value="circle"/></array></styleClasses><localToWorld><transform2D x="-5117.007047356517" y="-8763.506963458356" scale="5.634415715085469" rotation="0"/></localToWorld></zCircleFrame><zImage><id><string value="18_54607785"/></id><onlineAssetId><string value="585923797"/></onlineAssetId><onlineAssetUrl><string value="http://0103.static.prezi.com.s3.amazonaws.com/media/d/c/a/0/c/6abc5c14d6c97270d33607d9b61.png"/></onlineAssetUrl><assetSourceFilename><string value="Screenshot 2020-01-29 at 9.37.26 PM.png"/></assetSourceFilename><width><double value="906"/></width><height><double value="316"/></height><localToWorld><transform2D x="-5325.92616624017" y="-9211.640063915243" scale="2.7135967080563588" rotation="0"/></localToWorld></zImage><zText><id><string value="34_54607785"/></id><text><text><width>287.904</width><p><span><![CDATA[KNN using Cosine Similarity]]></span></p><p/></text></text><styleClasses><array><token value="body"/></array></styleClasses><localToWorld><transform2D x="-4976.41116484799" y="-9841.225745893442" scale="10.33318383158728" rotation="0"/></localToWorld></zText><zText><id><string value="36_54607785"/></id><text><text><width>552</width><p><span><![CDATA[ In cosine metric we measure the degree of angle between two documents/vectors(the term frequencies in different documents collected as metrics). This particular metric is used when the magnitude between vectors does not matter but the orientation.]]></span></p></text></text><styleClasses><array><token value="body"/></array></styleClasses><localToWorld><transform2D x="-5141.376697755436" y="-8188.190886786982" scale="5.986310570563804" rotation="0"/></localToWorld></zText><zText><id><string value="37_54607785"/></id><text><text><width>333.86</width><p><span><![CDATA[Lets dive into the practical part]]></span></p></text></text><styleClasses><array><token value="body"/></array></styleClasses><localToWorld><transform2D x="-5128.631879167062" y="-7222.280303777646" scale="5.986310570563804" rotation="0"/></localToWorld></zText><zArrow><id><string value="38_54607785"/></id><startEndDistance><double value="179.49679394332185"/></startEndDistance><arcHeight><double value="-21.72830073154256"/></arcHeight><styleClasses><array><token value="line3"/></array></styleClasses><localToWorld><transform2D x="537.7830416260314" y="-11185.99669569334" scale="41.33273532634915" rotation="-0.09041961420962466"/></localToWorld></zArrow><zArrow><id><string value="39_54607785"/></id><startEndDistance><double value="158.4507996663109"/></startEndDistance><arcHeight><double value="-13.644669191442771"/></arcHeight><styleClasses><array><token value="line3"/></array></styleClasses><localToWorld><transform2D x="9561.358682248543" y="-8182.323964121349" scale="41.33273532634912" rotation="0.7436342797981278"/></localToWorld></zArrow><zArrow><id><string value="40_54607785"/></id><startEndDistance><double value="-280.75556414754726"/></startEndDistance><arcHeight><double value="33.07731495878261"/></arcHeight><styleClasses><array><token value="line3"/></array></styleClasses><localToWorld><transform2D x="11716.423502251651" y="2214.556596285052" scale="41.33273532634908" rotation="-1.3089969389957474"/></localToWorld></zArrow><zArrow><id><string value="41_54607785"/></id><startEndDistance><double value="-465.9893388033962"/></startEndDistance><arcHeight><double value="63.5479965054966"/></arcHeight><styleClasses><array><token value="line3"/></array></styleClasses><localToWorld><transform2D x="-2633.500259640771" y="9388.782949022148" scale="41.33273532634912" rotation="0.18298711331903775"/></localToWorld></zArrow><zArrow><id><string value="42_54607785"/></id><startEndDistance><double value="356.3848422748012"/></startEndDistance><arcHeight><double value="-59.75122142175269"/></arcHeight><styleClasses><array><token value="line3"/></array></styleClasses><localToWorld><transform2D x="-14080.022985701607" y="-3874.429897916548" scale="41.33273532634912" rotation="-1.419508893152467"/></localToWorld></zArrow><zCircleFrame><id><string value="43_54607785"/></id><width><double value="800"/></width><height><double value="800"/></height><styleClasses><array><token value="circle"/></array></styleClasses><localToWorld><transform2D x="-9876.43922898616" y="-12643.811239416233" scale="5.951815133093104" rotation="0"/></localToWorld></zCircleFrame><zText><id><string value="44_54607785"/></id><text><text><width>268.098</width><p><span><![CDATA[Content based Filtering]]></span></p><p/></text></text><styleClasses><array><token value="body"/></array></styleClasses><localToWorld><transform2D x="-9846.602160672444" y="-13964.049846378652" scale="10.33318383158728" rotation="0"/></localToWorld></zText><zText><id><string value="45_54607785"/></id><text><text><width>-72.384</width><p><span><![CDATA[Results]]></span></p><p/></text></text><styleClasses><array><token value="body"/></array></styleClasses><localToWorld><transform2D x="-15025.88451785926" y="-5952.590340471357" scale="41.33273532634913" rotation="-1.2979865294672412"/></localToWorld></zText><zText><id><string value="46_54607785"/></id><text><text><width>552</width><p><span><![CDATA[Recommendations for ]]></span><span weight="bold"><![CDATA[4103   Die, Monster, Die ]]></span><span><![CDATA[(1965)]]></span></p><p><span><![CDATA[8219                           Bug (1975)]]></span></p><p><span><![CDATA[8752     Invasion of the Bee Girls (1973)]]></span></p><p><span><![CDATA[9364             Cube 2: Hypercube (2002)]]></span></p><p><span><![CDATA[9490                  GhostWatcher (2002)]]></span></p><p><span><![CDATA[17638       Quarantine 2: Terminal (2011)]]></span></p><p><span><![CDATA[24973              Alien Abduction (2014)]]></span></p><p><span><![CDATA[25402                      Decoder (1984)]]></span></p><p><span><![CDATA[26176                  Don't Blink (2014)]]></span></p><p><span><![CDATA[29427                      Scourge (2008)]]></span></p><p><span><![CDATA[Name: title, dtype: object:]]></span></p></text></text><styleClasses><array><token value="body"/></array></styleClasses><localToWorld><transform2D x="-10001.519754371962" y="-12415.803079932362" scale="5.832812887384223" rotation="0"/></localToWorld></zText><zArrow><id><string value="48_54607785"/></id><startEndDistance><double value="336.18702508820337"/></startEndDistance><arcHeight><double value="-40.90234631804321"/></arcHeight><styleClasses><array><token value="line3"/></array></styleClasses><localToWorld><transform2D x="-1064.2083937859036" y="-15334.793148100249" scale="41.33273532634913" rotation="-0.09930520494745583"/></localToWorld></zArrow><zCircleFrame><id><string value="49_54607785"/></id><width><double value="800"/></width><height><double value="800"/></height><styleClasses><array><token value="circle"/></array></styleClasses><localToWorld><transform2D x="8108.338065093611" y="-14491.223052506672" scale="5.951778859373952" rotation="0"/></localToWorld></zCircleFrame><zText><id><string value="50_54607785"/></id><text><text><width>-219.74400000000003</width><p><span><![CDATA[Collaborative Filtering]]></span></p></text></text><styleClasses><array><token value="body"/></array></styleClasses><localToWorld><transform2D x="8195.210581526622" y="-15968.263624190064" scale="10.33318383158728" rotation="0"/></localToWorld></zText><zText><id><string value="51_54607785"/></id><text><text><width>-178.296</width><p><span><![CDATA[Using WordCloud]]></span></p><p/></text></text><styleClasses><array><token value="body"/></array></styleClasses><localToWorld><transform2D x="10078.424144984674" y="-8504.499252479733" scale="22.04685373090624" rotation="0.8128811793107408"/></localToWorld></zText><zText><id><string value="52_54607785"/></id><text><text><width>-85.464</width><p><span><![CDATA[JointPlot]]></span></p><p/></text></text><styleClasses><array><token value="body"/></array></styleClasses><localToWorld><transform2D x="12693.97901115574" y="2780.46768359516" scale="41.33273532634911" rotation="1.8789024059585069"/></localToWorld></zText><zText><id><string value="53_54607785"/></id><text><text><width>-178.296</width><p><span><![CDATA[Using WordCloud]]></span></p><p/></text></text><styleClasses><array><token value="body"/></array></styleClasses><localToWorld><transform2D x="-3466.2486390609797" y="10687.032457132063" scale="41.3327353263491" rotation="-3.055855341949642"/></localToWorld></zText><zText><id><string value="54_54607785"/></id><text><text><width>-241.344</width><p indent="1" listType="bullet"><span><![CDATA[RMSE on Train Data ]]></span></p></text></text><styleClasses><array><token value="body"/></array></styleClasses><localToWorld><transform2D x="7545.760787862633" y="-14793.481596060376" scale="10.33318383158728" rotation="0"/></localToWorld></zText><zText><id><string value="55_54607785"/></id><text><text><width>-392.472</width><p><span><![CDATA[User-based CF RMSE: 93182128.824]]></span></p><p><span><![CDATA[Item-based CF RMSE: 292657604.236]]></span></p></text></text><styleClasses><array><token value="body"/></array></styleClasses><localToWorld><transform2D x="7837.546379211432" y="-14397.610865232382" scale="6.061757828638937" rotation="0"/></localToWorld></zText><zText><id><string value="56_54607785"/></id><text><text><width>-228.912</width><p indent="1" listType="bullet"><span><![CDATA[RMSE on Test Data]]></span></p></text></text><styleClasses><array><token value="body"/></array></styleClasses><localToWorld><transform2D x="7517.764317918927" y="-13858.154086824572" scale="10.33318383158728" rotation="0"/></localToWorld></zText><zText><id><string value="57_54607785"/></id><text><text><width>-385.48799999999994</width><p><span><![CDATA[User-based CF RMSE: 120673272.544]]></span></p><p><span><![CDATA[Item-based CF RMSE: 316801278.198]]></span></p></text></text><styleClasses><array><token value="body"/></array></styleClasses><localToWorld><transform2D x="7730.619376265704" y="-13340.23553846574" scale="5.497815328429274" rotation="0"/></localToWorld></zText><zArrow><id><string value="58_54607785"/></id><startEndDistance><double value="195.35221233854463"/></startEndDistance><arcHeight><double value="-24.65098168313079"/></arcHeight><styleClasses><array><token value="line3"/></array></styleClasses><localToWorld><transform2D x="13499.59611414872" y="-10866.53890005656" scale="41.33273532634913" rotation="0.8606087756860095"/></localToWorld></zArrow><zCircleFrame><id><string value="59_54607785"/></id><width><double value="800"/></width><height><double value="800"/></height><styleClasses><array><token value="circle"/></array></styleClasses><localToWorld><transform2D x="15745.94943821399" y="-5461.085993282011" scale="5.031653570042549" rotation="0"/></localToWorld></zCircleFrame><zText><id><string value="60_54607785"/></id><text><text><width>295.45376802514943</width><p><span style="italic"><![CDATA[KNN with Cosine Similarity]]></span></p></text></text><styleClasses><array><token value="title"/></array></styleClasses><localToWorld><transform2D x="15949.958318987883" y="-6480.523087022806" scale="9.519005323896634" rotation="0"/></localToWorld></zText><zBracketFrame><id><string value="61_54607785"/></id><width><double value="455.0339375270996"/></width><height><double value="173.58032849819483"/></height><styleClasses><array><token value="bracket"/></array></styleClasses><localToWorld><transform2D x="15180.429172430466" y="19350.72736972115" scale="4.842786286345193" rotation="2.497243166187451"/></localToWorld></zBracketFrame><zText><id><string value="62_54607785"/></id><text><text><width>-107.928</width><p><span><![CDATA[Thank You]]></span></p><p/></text></text><styleClasses><array><token value="title"/></array></styleClasses><localToWorld><transform2D x="15220.635058073642" y="19247.887958715033" scale="9.696107253450547" rotation="2.497243166187451"/></localToWorld></zText><zText><id><string value="63_54607785"/></id><text><text><width>552</width><p><span><![CDATA[Recommendations for V for Vendetta (2006):]]></span></p><p/><p><span><![CDATA[1: Batman Begins (2005), with distance of 0.435:]]></span></p><p><span><![CDATA[2: Sin City (2005), with distance of 0.448:]]></span></p><p><span><![CDATA[3: Prestige, The (2006), with distance of 0.469:]]></span></p></text></text><styleClasses><array><token value="title"/></array></styleClasses><localToWorld><transform2D x="15804.04685249958" y="-5304.147051499002" scale="5.910553379921038" rotation="0"/></localToWorld></zText><zText><id><string value="35_54607785"/></id><text><text><width>495.84</width><p><span><![CDATA[Cross Validation done with Root Mean Squared Error(RMSE) method]]></span></p></text></text><styleClasses><array><token value="body"/></array></styleClasses><localToWorld><transform2D x="5672.711259360673" y="4490.041216124182" scale="5.268288707470383" rotation="0"/></localToWorld></zText><zText><id><string value="47_54607785"/></id><text><text><width>-283.464</width><p><span><![CDATA[Performance Metric (RMSE):]]></span></p></text></text><styleClasses><array><token value="body"/></array></styleClasses><localToWorld><transform2D x="7884.130041294036" y="-15362.622653706285" scale="9.393803483261165" rotation="0"/></localToWorld></zText><zText><id><string value="64_54607785"/></id><text><text><width>-57.456</width><p><span><![CDATA[Using]]></span></p></text></text><styleClasses><array><token value="body"/></array></styleClasses><localToWorld><transform2D x="-700.3441058174434" y="7090.8650851393895" scale="28.367198983034957" rotation="-3.055855341949642"/></localToWorld></zText><zText><id><string value="65_54607785"/></id><text><text><width>401.8591954602575</width><p><span><![CDATA[Train and Test data has been splitted as 80/20]]></span></p></text></text><styleClasses><array><token value="body"/></array></styleClasses><localToWorld><transform2D x="-7100.337654416419" y="2700.549290622442" scale="7.057703593734901" rotation="0"/></localToWorld></zText><zText><id><string value="66_54607785"/></id><text><text><width>-183.192</width><p indent="1" listType="bullet"><span weight="bold"><![CDATA[Impact on Life]]></span></p></text></text><styleClasses><array><token value="body"/></array></styleClasses><localToWorld><transform2D x="1571.75383904026" y="-1745.8510136678203" scale="7.0610139201283175" rotation="0"/></localToWorld></zText><zText><id><string value="67_54607785"/></id><text><text><width>539.472</width><p><span><![CDATA[It helps us select the right option and has been handy for a long time]]></span></p></text></text><styleClasses><array><token value="body"/></array></styleClasses><localToWorld><transform2D x="3253.3641799717975" y="-1287.6826619134874" scale="7.0610139201283175" rotation="0"/></localToWorld></zText><zText><id><string value="68_54607785"/></id><text><text><width>-142.152</width><p indent="1" listType="bullet"><span weight="bold"><![CDATA[Examples:]]></span></p></text></text><styleClasses><array><token value="body"/></array></styleClasses><localToWorld><transform2D x="1426.9587299292198" y="-786.9067167960055" scale="7.0610139201283175" rotation="0"/></localToWorld></zText><zText><id><string value="69_54607785"/></id><text><text><width>-486.408</width><p><span><![CDATA[Amazon, Netflix, Facebook, LinkedIn, Twitter etc.]]></span></p></text></text><styleClasses><array><token value="body"/></array></styleClasses><localToWorld><transform2D x="3055.919877708632" y="-300.4979017337774" scale="7.0610139201283175" rotation="0"/></localToWorld></zText><zText><id><string value="70_54607785"/></id><text><text><width>552</width><p><span><![CDATA[ These application are highly data driven and helps to select the right option. ]]></span></p></text></text><styleClasses><array><token value="body"/></array></styleClasses><localToWorld><transform2D x="3311.930247842385" y="-2234.106941560046" scale="7.0610139201283175" rotation="0"/></localToWorld></zText><zArrow><id><string value="71_54607785"/></id><startEndDistance><double value="548.8362742977198"/></startEndDistance><arcHeight><double value="-49.143044234697754"/></arcHeight><styleClasses><array><token value="line3"/></array></styleClasses><localToWorld><transform2D x="15151.713768984528" y="4275.09514502945" scale="28.367198983034985" rotation="1.8325957145940461"/></localToWorld></zArrow><zCircleFrame><id><string value="72_54607785"/></id><width><double value="1228.9642441516671"/></width><height><double value="1228.9642441516671"/></height><styleClasses><array><token value="circle"/></array></styleClasses><localToWorld><transform2D x="10228.03065489995" y="13365.547664191814" scale="4.550224892685297" rotation="0"/></localToWorld></zCircleFrame><zText><id><string value="73_54607785"/></id><text><text><width>-129.50400000000002</width><p><span weight="bold"><![CDATA[Conclusions ]]></span></p></text></text><styleClasses><array><token value="body"/></array></styleClasses><localToWorld><transform2D x="9958.075239255577" y="11142.148786557138" scale="7.737443563492767" rotation="0"/></localToWorld></zText><zText><id><string value="74_54607785"/></id><text><text><width>-272.112</width><p indent="1" listType="bullet"><span><![CDATA[Content Based Filtering]]></span></p></text></text><styleClasses><array><token value="body"/></array></styleClasses><localToWorld><transform2D x="9779.75315053463" y="11534.22896197147" scale="5.81325587039276" rotation="0"/></localToWorld></zText><zText><id><string value="75_54607785"/></id><text><text><width>-363.336</width><p indent="1" listType="bullet"><span><![CDATA[History based Recommendation]]></span></p></text></text><styleClasses><array><token value="body"/></array></styleClasses><localToWorld><transform2D x="10406.507442902048" y="11749.942432997286" scale="5.81325587039276" rotation="0"/></localToWorld></zText><zText><id><string value="76_54607785"/></id><text><text><width>-228.69600000000003</width><p indent="1" listType="bullet"><span><![CDATA[Cold Start Problem]]></span></p></text></text><styleClasses><array><token value="body"/></array></styleClasses><localToWorld><transform2D x="9971.866294392474" y="11977.230437410934" scale="5.284778063993419" rotation="0"/></localToWorld></zText><zText><id><string value="77_54607785"/></id><text><text><width>-255.74400000000003</width><p indent="1" listType="bullet"><span><![CDATA[Collaborative Filtering]]></span></p></text></text><styleClasses><array><token value="body"/></array></styleClasses><localToWorld><transform2D x="9775.60301336467" y="12305.637468330657" scale="5.81325587039276" rotation="0"/></localToWorld></zText><zText><id><string value="78_54607785"/></id><text><text><width>301.27199999999993</width><p indent="1" listType="bullet"><span><![CDATA[Needs a lot of memory to handle the huge dataset]]></span></p></text></text><styleClasses><array><token value="body"/></array></styleClasses><localToWorld><transform2D x="10160.711343858153" y="12571.010970675608" scale="5.284778063993419" rotation="0"/></localToWorld></zText><zText><id><string value="79_54607785"/></id><text><text><width>264.624</width><p indent="1" listType="bullet"><span><![CDATA[Can handle cold start problem]]></span></p></text></text><styleClasses><array><token value="body"/></array></styleClasses><localToWorld><transform2D x="10018.624765996845" y="12950.468967738154" scale="4.804343694539472" rotation="0"/></localToWorld></zText><zText><id><string value="80_54607785"/></id><text><text><width>-83.64</width><p indent="1" listType="bullet"><span><![CDATA[KNN]]></span></p></text></text><styleClasses><array><token value="body"/></array></styleClasses><localToWorld><transform2D x="9275.391636895858" y="13231.664283488064" scale="5.81325587039276" rotation="0"/></localToWorld></zText><zText><id><string value="81_54607785"/></id><text><text><width>552</width><p><span><![CDATA[Performs really well with high popularity threshold due to the size of the dataset]]></span></p></text></text><styleClasses><array><token value="body"/></array></styleClasses><localToWorld><transform2D x="11017.419865598624" y="13705.601113191356" scale="5.81325587039276" rotation="0"/></localToWorld></zText><zText><id><string value="82_54607785"/></id><text><text><width>-127.89600000000002</width><p><span weight="bold"><![CDATA[Future Work]]></span></p></text></text><styleClasses><array><token value="body"/></array></styleClasses><localToWorld><transform2D x="9819.77227063772" y="14293.50920413295" scale="7.034039603175241" rotation="0"/></localToWorld></zText><zText><id><string value="83_54607785"/></id><text><text><width>-495.19199999999995</width><p><span><![CDATA[Matrix Factorization can be used for better results]]></span></p></text></text><styleClasses><array><token value="body"/></array></styleClasses><localToWorld><transform2D x="10594.945783012645" y="14638.250919656302" scale="7.034039603175241" rotation="0"/></localToWorld></zText></array></zObjects></prezi>